GeographyKey;City;StateProvinceCode;StateProvinceName;CountryRegionCode;EnglishCountryRegionName;FrenchCountryRegionName;SalesTerritoryKey
1;Alexandria;NSW;New South Wales;AU;Australia;Australie;9
2;Coffs Harbour;NSW;New South Wales;AU;Australia;Australie;9
3;Darlinghurst;NSW;New South Wales;AU;Australia;Australie;9
4;Goulburn;NSW;New South Wales;AU;Australia;Australie;9
5;Lane Cove;NSW;New South Wales;AU;Australia;Australie;9
6;Lavender Bay;NSW;New South Wales;AU;Australia;Australie;9
7;Malabar;NSW;New South Wales;AU;Australia;Australie;9
8;Matraville;NSW;New South Wales;AU;Australia;Australie;9
9;Milsons Point;NSW;New South Wales;AU;Australia;Australie;9
10;Newcastle;NSW;New South Wales;AU;Australia;Australie;9
11;North Ryde;NSW;New South Wales;AU;Australia;Australie;9
12;North Sydney;NSW;New South Wales;AU;Australia;Australie;9
13;Port Macquarie;NSW;New South Wales;AU;Australia;Australie;9
14;Rhodes;NSW;New South Wales;AU;Australia;Australie;9
15;Silverwater;NSW;New South Wales;AU;Australia;Australie;9
16;Springwood;NSW;New South Wales;AU;Australia;Australie;9
17;St. Leonards;NSW;New South Wales;AU;Australia;Australie;9
18;Sydney;NSW;New South Wales;AU;Australia;Australie;9
19;Wollongong;NSW;New South Wales;AU;Australia;Australie;9
20;Brisbane;QLD;Queensland;AU;Australia;Australie;9
21;Caloundra;QLD;Queensland;AU;Australia;Australie;9
22;East Brisbane;QLD;Queensland;AU;Australia;Australie;9
23;Gold Coast;QLD;Queensland;AU;Australia;Australie;9
24;Hawthorne;QLD;Queensland;AU;Australia;Australie;9
25;Hervey Bay;QLD;Queensland;AU;Australia;Australie;9
26;Rockhampton;QLD;Queensland;AU;Australia;Australie;9
27;Townsville;QLD;Queensland;AU;Australia;Australie;9
28;Cloverdale;SA;South Australia;AU;Australia;Australie;9
29;Findon;SA;South Australia;AU;Australia;Australie;9
30;Perth;SA;South Australia;AU;Australia;Australie;9
31;Hobart;TAS;Tasmania;AU;Australia;Australie;9
32;Bendigo;VIC;Victoria;AU;Australia;Australie;9
33;Cranbourne;VIC;Victoria;AU;Australia;Australie;9
34;Geelong;VIC;Victoria;AU;Australia;Australie;9
35;Melbourne;VIC;Victoria;AU;Australia;Australie;9
36;Melton;VIC;Victoria;AU;Australia;Australie;9
37;Seaford;VIC;Victoria;AU;Australia;Australie;9
38;South Melbourne;VIC;Victoria;AU;Australia;Australie;9
39;Sunbury;VIC;Victoria;AU;Australia;Australie;9
40;Warrnambool;VIC;Victoria;AU;Australia;Australie;9
41;Calgary;AB;Alberta;CA;Canada;Canada;6
42;Edmonton;AB;Alberta;CA;Canada;Canada;6
43;Burnaby;BC;British Columbia;CA;Canada;Canada;6
44;Burnaby;BC;British Columbia;CA;Canada;Canada;6
45;Burnaby;BC;British Columbia;CA;Canada;Canada;6
46;Burnaby;BC;British Columbia;CA;Canada;Canada;6
47;Burnaby;BC;British Columbia;CA;Canada;Canada;6
48;Burnaby;BC;British Columbia;CA;Canada;Canada;6
49;Cliffside;BC;British Columbia;CA;Canada;Canada;6
50;Haney;BC;British Columbia;CA;Canada;Canada;6
51;Langford;BC;British Columbia;CA;Canada;Canada;6
52;Langley;BC;British Columbia;CA;Canada;Canada;6
53;Metchosin;BC;British Columbia;CA;Canada;Canada;6
54;N. Vancouver;BC;British Columbia;CA;Canada;Canada;6
55;Newton;BC;British Columbia;CA;Canada;Canada;6
56;Newton;BC;British Columbia;CA;Canada;Canada;6
57;Newton;BC;British Columbia;CA;Canada;Canada;6
58;Newton;BC;British Columbia;CA;Canada;Canada;6
59;Oak Bay;BC;British Columbia;CA;Canada;Canada;6
60;Port Hammond;BC;British Columbia;CA;Canada;Canada;6
61;Richmond;BC;British Columbia;CA;Canada;Canada;6
62;Royal Oak;BC;British Columbia;CA;Canada;Canada;6
63;Shawnee;BC;British Columbia;CA;Canada;Canada;6
64;Shawnee;BC;British Columbia;CA;Canada;Canada;6
65;Shawnee;BC;British Columbia;CA;Canada;Canada;6
66;Sooke;BC;British Columbia;CA;Canada;Canada;6
67;Surrey;BC;British Columbia;CA;Canada;Canada;6
68;Vancouver;BC;British Columbia;CA;Canada;Canada;6
69;Victoria;BC;British Columbia;CA;Canada;Canada;6
70;Westminster;BC;British Columbia;CA;Canada;Canada;6
71;Westminster;BC;British Columbia;CA;Canada;Canada;6
72;Winnipeg;MB;Manitoba;CA;Canada;Canada;6
73;Saint John;NB;Brunswick;CA;Canada;Canada;6
74;Aurora;ON;Ontario;CA;Canada;Canada;6
75;Barrie;ON;Ontario;CA;Canada;Canada;6
76;Brampton;ON;Ontario;CA;Canada;Canada;6
77;Chalk Riber;ON;Ontario;CA;Canada;Canada;6
78;Etobicoke;ON;Ontario;CA;Canada;Canada;6
79;Kanata;ON;Ontario;CA;Canada;Canada;6
80;Kingston;ON;Ontario;CA;Canada;Canada;6
81;Markham;ON;Ontario;CA;Canada;Canada;6
82;Mississauga;ON;Ontario;CA;Canada;Canada;6
83;Mississauga;ON;Ontario;CA;Canada;Canada;6
84;Mississauga;ON;Ontario;CA;Canada;Canada;6
85;Nepean;ON;Ontario;CA;Canada;Canada;6
86;North York;ON;Ontario;CA;Canada;Canada;6
87;Ottawa;ON;Ontario;CA;Canada;Canada;6
88;Ottawa;ON;Ontario;CA;Canada;Canada;6
89;Ottawa;ON;Ontario;CA;Canada;Canada;6
90;Ottawa;ON;Ontario;CA;Canada;Canada;6
91;Richmond Hill;ON;Ontario;CA;Canada;Canada;6
92;Scarborough;ON;Ontario;CA;Canada;Canada;6
93;Toronto;ON;Ontario;CA;Canada;Canada;6
94;Toronto;ON;Ontario;CA;Canada;Canada;6
95;Toronto;ON;Ontario;CA;Canada;Canada;6
96;Toronto;ON;Ontario;CA;Canada;Canada;6
97;Vancouver;ON;Ontario;CA;Canada;Canada;6
98;Waterloo;ON;Ontario;CA;Canada;Canada;6
99;Weston;ON;Ontario;CA;Canada;Canada;6
100;Brossard;QC;Quebec;CA;Canada;Canada;6
101;Brossard;QC;Quebec;CA;Canada;Canada;6
102;Dorval;QC;Quebec;CA;Canada;Canada;6
103;Hull;QC;Quebec;CA;Canada;Canada;6
104;Montreal;QC;Quebec;CA;Canada;Canada;6
105;Montreal;QC;Quebec;CA;Canada;Canada;6
106;Montreal;QC;Quebec;CA;Canada;Canada;6
107;Montreal;QC;Quebec;CA;Canada;Canada;6
108;Outremont;QC;Quebec;CA;Canada;Canada;6
109;Pnot-Rouge;QC;Quebec;CA;Canada;Canada;6
110;Quebec;QC;Quebec;CA;Canada;Canada;6
111;Sainte-Foy;QC;Quebec;CA;Canada;Canada;6
112;Sillery;QC;Quebec;CA;Canada;Canada;6
113;Ville De'anjou;QC;Quebec;CA;Canada;Canada;6
114;Berlin;BB;Brandenburg;DE;Germany;Allemagne;8
115;Eilenburg;BB;Brandenburg;DE;Germany;Allemagne;8
116;Augsburg;BY;Bayern;DE;Germany;Allemagne;8
117;Erlangen;BY;Bayern;DE;Germany;Allemagne;8
118;Frankfurt;BY;Bayern;DE;Germany;Allemagne;8
119;Grevenbroich;BY;Bayern;DE;Germany;Allemagne;8
120;Hof;BY;Bayern;DE;Germany;Allemagne;8
121;Ingolstadt;BY;Bayern;DE;Germany;Allemagne;8
122;Bad Soden;HE;Hessen;DE;Germany;Allemagne;8
123;Berlin;HE;Hessen;DE;Germany;Allemagne;8
124;Berlin;HE;Hessen;DE;Germany;Allemagne;8
125;Berlin;HE;Hessen;DE;Germany;Allemagne;8
126;Berlin;HE;Hessen;DE;Germany;Allemagne;8
127;Darmstadt;HE;Hessen;DE;Germany;Allemagne;8
128;Dresden;HE;Hessen;DE;Germany;Allemagne;8
129;Duesseldorf;HE;Hessen;DE;Germany;Allemagne;8
130;Duesseldorf;HE;Hessen;DE;Germany;Allemagne;8
131;Frankfurt;HE;Hessen;DE;Germany;Allemagne;8
132;Hamburg;HE;Hessen;DE;Germany;Allemagne;8
133;Kassel;HE;Hessen;DE;Germany;Allemagne;8
134;München;HE;Hessen;DE;Germany;Allemagne;8
135;Salzgitter;HE;Hessen;DE;Germany;Allemagne;8
136;Ascheim;HH;Hamburg;DE;Germany;Allemagne;8
137;Augsburg;HH;Hamburg;DE;Germany;Allemagne;8
138;Berlin;HH;Hamburg;DE;Germany;Allemagne;8
139;Berlin;HH;Hamburg;DE;Germany;Allemagne;8
140;Berlin;HH;Hamburg;DE;Germany;Allemagne;8
141;Berlin;HH;Hamburg;DE;Germany;Allemagne;8
142;Bonn;HH;Hamburg;DE;Germany;Allemagne;8
143;Bonn;HH;Hamburg;DE;Germany;Allemagne;8
144;Essen;HH;Hamburg;DE;Germany;Allemagne;8
145;Frankfurt am Main;HH;Hamburg;DE;Germany;Allemagne;8
146;Frankfurt am Main;HH;Hamburg;DE;Germany;Allemagne;8
147;Hamburg;HH;Hamburg;DE;Germany;Allemagne;8
148;Muehlheim;HH;Hamburg;DE;Germany;Allemagne;8
149;Mühlheim;HH;Hamburg;DE;Germany;Allemagne;8
150;München;HH;Hamburg;DE;Germany;Allemagne;8
151;Paderborn;HH;Hamburg;DE;Germany;Allemagne;8
152;Berlin;NW;Nordrhein-Westfalen;DE;Germany;Allemagne;8
153;Berlin;NW;Nordrhein-Westfalen;DE;Germany;Allemagne;8
154;Bonn;NW;Nordrhein-Westfalen;DE;Germany;Allemagne;8
155;Bottrop;NW;Nordrhein-Westfalen;DE;Germany;Allemagne;8
156;Braunschweig;NW;Nordrhein-Westfalen;DE;Germany;Allemagne;8
157;Hannover;NW;Nordrhein-Westfalen;DE;Germany;Allemagne;8
158;Leipzig;NW;Nordrhein-Westfalen;DE;Germany;Allemagne;8
159;München;NW;Nordrhein-Westfalen;DE;Germany;Allemagne;8
160;Paderborn;NW;Nordrhein-Westfalen;DE;Germany;Allemagne;8
161;Solingen;NW;Nordrhein-Westfalen;DE;Germany;Allemagne;8
162;Werne;NW;Nordrhein-Westfalen;DE;Germany;Allemagne;8
163;Berlin;SL;Saarland;DE;Germany;Allemagne;8
164;Berlin;SL;Saarland;DE;Germany;Allemagne;8
165;Berlin;SL;Saarland;DE;Germany;Allemagne;8
166;Frankfurt am Main;SL;Saarland;DE;Germany;Allemagne;8
167;Frankfurt am Main;SL;Saarland;DE;Germany;Allemagne;8
168;Kiel;SL;Saarland;DE;Germany;Allemagne;8
169;München;SL;Saarland;DE;Germany;Allemagne;8
170;Münster;SL;Saarland;DE;Germany;Allemagne;8
171;Neunkirchen;SL;Saarland;DE;Germany;Allemagne;8
172;Offenbach;SL;Saarland;DE;Germany;Allemagne;8
173;Poing;SL;Saarland;DE;Germany;Allemagne;8
174;Saarbrücken;SL;Saarland;DE;Germany;Allemagne;8
175;Saarlouis;SL;Saarland;DE;Germany;Allemagne;8
176;Stuttgart;SL;Saarland;DE;Germany;Allemagne;8
177;Stuttgart;SL;Saarland;DE;Germany;Allemagne;8
178;Sulzbach Taunus;SL;Saarland;DE;Germany;Allemagne;8
179;Saint Ouen;17;Charente-Maritime;FR;France;France;7
180;Colomiers;31;Garonne (Haute);FR;France;France;7
181;Aujan Mournede;32;Gers;FR;France;France;7
182;Saint Ouen;41;Loir et Cher;FR;France;France;7
183;Orleans;45;Loiret;FR;France;France;7
184;Metz;57;Moselle;FR;France;France;7
185;Croix;59;Nord;FR;France;France;7
186;Dunkerque;59;Nord;FR;France;France;7
187;Lille;59;Nord;FR;France;France;7
188;Roncq;59;Nord;FR;France;France;7
189;Roubaix;59;Nord;FR;France;France;7
190;Villeneuve-d'Ascq;59;Nord;FR;France;France;7
191;Boulogne-sur-Mer;62;Pas de Calais;FR;France;France;7
192;Paris;75;Seine (Paris);FR;France;France;7
193;Paris;75;Seine (Paris);FR;France;France;7
194;Paris;75;Seine (Paris);FR;France;France;7
195;Paris;75;Seine (Paris);FR;France;France;7
196;Paris;75;Seine (Paris);FR;France;France;7
197;Paris;75;Seine (Paris);FR;France;France;7
198;Paris;75;Seine (Paris);FR;France;France;7
199;Paris;75;Seine (Paris);FR;France;France;7
200;Paris;75;Seine (Paris);FR;France;France;7
201;Paris;75;Seine (Paris);FR;France;France;7
202;Paris;75;Seine (Paris);FR;France;France;7
203;Paris;75;Seine (Paris);FR;France;France;7
204;Paris;75;Seine (Paris);FR;France;France;7
205;Lieusaint;77;Seine et Marne;FR;France;France;7
206;Roissy en Brie;77;Seine et Marne;FR;France;France;7
207;Chatou;78;Yveline;FR;France;France;7
208;Saint Germain en Laye;78;Yveline;FR;France;France;7
209;Versailles;78;Yveline;FR;France;France;7
210;Saint Ouen;80;Somme;FR;France;France;7
211;Les Ulis;91;Essonne;FR;France;France;7
212;Morangis;91;Essonne;FR;France;France;7
213;Verrieres Le Buisson;91;Essonne;FR;France;France;7
214;Boulogne-Billancourt;92;Hauts de Seine;FR;France;France;7
215;Colombes;92;Hauts de Seine;FR;France;France;7
216;Courbevoie;92;Hauts de Seine;FR;France;France;7
217;Paris La Defense;92;Hauts de Seine;FR;France;France;7
218;Sèvres;92;Hauts de Seine;FR;France;France;7
219;Suresnes;92;Hauts de Seine;FR;France;France;7
220;Bobigny;93;Seine Saint Denis;FR;France;France;7
221;Drancy;93;Seine Saint Denis;FR;France;France;7
222;Pantin;93;Seine Saint Denis;FR;France;France;7
223;Saint-Denis;93;Seine Saint Denis;FR;France;France;7
224;Tremblay-en-France;93;Seine Saint Denis;FR;France;France;7
225;Orly;94;Val de Marne;FR;France;France;7
226;Cergy;95;Val d'Oise;FR;France;France;7
227;Abingdon;ENG;England;GB;United Kingdom;Royaume-Uni;10
228;Basingstoke Hants;ENG;England;GB;United Kingdom;Royaume-Uni;10
229;Berks;ENG;England;GB;United Kingdom;Royaume-Uni;10
230;Berkshire;ENG;England;GB;United Kingdom;Royaume-Uni;10
231;Billericay;ENG;England;GB;United Kingdom;Royaume-Uni;10
232;Birmingham;ENG;England;GB;United Kingdom;Royaume-Uni;10
233;Bracknell;ENG;England;GB;United Kingdom;Royaume-Uni;10
234;Bury;ENG;England;GB;United Kingdom;Royaume-Uni;10
235;Cambridge;ENG;England;GB;United Kingdom;Royaume-Uni;10
236;Cheltenham;ENG;England;GB;United Kingdom;Royaume-Uni;10
237;Esher-Molesey;ENG;England;GB;United Kingdom;Royaume-Uni;10
238;Gateshead;ENG;England;GB;United Kingdom;Royaume-Uni;10
239;Gloucestershire;ENG;England;GB;United Kingdom;Royaume-Uni;10
240;High Wycombe;ENG;England;GB;United Kingdom;Royaume-Uni;10
241;Kirkby;ENG;England;GB;United Kingdom;Royaume-Uni;10
242;Lancaster;ENG;England;GB;United Kingdom;Royaume-Uni;10
243;Leeds;ENG;England;GB;United Kingdom;Royaume-Uni;10
244;London;ENG;England;GB;United Kingdom;Royaume-Uni;10
245;London;ENG;England;GB;United Kingdom;Royaume-Uni;10
246;London;ENG;England;GB;United Kingdom;Royaume-Uni;10
247;London;ENG;England;GB;United Kingdom;Royaume-Uni;10
248;London;ENG;England;GB;United Kingdom;Royaume-Uni;10
249;London;ENG;England;GB;United Kingdom;Royaume-Uni;10
250;London;ENG;England;GB;United Kingdom;Royaume-Uni;10
251;London;ENG;England;GB;United Kingdom;Royaume-Uni;10
252;London;ENG;England;GB;United Kingdom;Royaume-Uni;10
253;London;ENG;England;GB;United Kingdom;Royaume-Uni;10
254;London;ENG;England;GB;United Kingdom;Royaume-Uni;10
255;London;ENG;England;GB;United Kingdom;Royaume-Uni;10
256;London;ENG;England;GB;United Kingdom;Royaume-Uni;10
257;London;ENG;England;GB;United Kingdom;Royaume-Uni;10
258;Maidenhead;ENG;England;GB;United Kingdom;Royaume-Uni;10
259;Milton Keynes;ENG;England;GB;United Kingdom;Royaume-Uni;10
260;Milton Keynes;ENG;England;GB;United Kingdom;Royaume-Uni;10
261;Newcastle upon Tyne;ENG;England;GB;United Kingdom;Royaume-Uni;10
262;Oxford;ENG;England;GB;United Kingdom;Royaume-Uni;10
263;Oxford;ENG;England;GB;United Kingdom;Royaume-Uni;10
264;Oxon;ENG;England;GB;United Kingdom;Royaume-Uni;10
265;Peterborough;ENG;England;GB;United Kingdom;Royaume-Uni;10
266;Reading;ENG;England;GB;United Kingdom;Royaume-Uni;10
267;Runcorn;ENG;England;GB;United Kingdom;Royaume-Uni;10
268;Liverpool;ENG;England;GB;United Kingdom;Royaume-Uni;10
269;Stoke-on-Trent;ENG;England;GB;United Kingdom;Royaume-Uni;10
270;W. York;ENG;England;GB;United Kingdom;Royaume-Uni;10
271;Warrington;ENG;England;GB;United Kingdom;Royaume-Uni;10
272;Warrington;ENG;England;GB;United Kingdom;Royaume-Uni;10
273;Watford;ENG;England;GB;United Kingdom;Royaume-Uni;10
274;West Sussex;ENG;England;GB;United Kingdom;Royaume-Uni;10
275;Wokingham;ENG;England;GB;United Kingdom;Royaume-Uni;10
276;Woolston;ENG;England;GB;United Kingdom;Royaume-Uni;10
277;York;ENG;England;GB;United Kingdom;Royaume-Uni;10
278;York;ENG;England;GB;United Kingdom;Royaume-Uni;10
279;York;ENG;England;GB;United Kingdom;Royaume-Uni;10
280;Birmingham;AL;Alabama;US;United States;États-Unis;5
281;Florence;AL;Alabama;US;United States;États-Unis;5
282;Huntsville;AL;Alabama;US;United States;États-Unis;5
283;Mobile;AL;Alabama;US;United States;États-Unis;5
284;Montgomery;AL;Alabama;US;United States;États-Unis;5
285;Chandler;AZ;Arizona;US;United States;États-Unis;4
286;Gilbert;AZ;Arizona;US;United States;États-Unis;4
287;Mesa;AZ;Arizona;US;United States;États-Unis;4
288;Phoenix;AZ;Arizona;US;United States;États-Unis;4
289;Scottsdale;AZ;Arizona;US;United States;États-Unis;4
290;Surprise;AZ;Arizona;US;United States;États-Unis;4
291;Tucson;AZ;Arizona;US;United States;États-Unis;4
292;Alhambra;CA;California;US;United States;États-Unis;4
293;Alpine;CA;California;US;United States;États-Unis;4
294;Auburn;CA;California;US;United States;États-Unis;4
295;Baldwin Park;CA;California;US;United States;États-Unis;4
296;Barstow;CA;California;US;United States;États-Unis;4
297;Bell Gardens;CA;California;US;United States;États-Unis;4
298;Bellflower;CA;California;US;United States;États-Unis;4
299;Berkeley;CA;California;US;United States;États-Unis;4
300;Beverly Hills;CA;California;US;United States;États-Unis;4
301;Burbank;CA;California;US;United States;États-Unis;4
302;Burlingame;CA;California;US;United States;États-Unis;4
303;Camarillo;CA;California;US;United States;États-Unis;4
304;Canoga Park;CA;California;US;United States;États-Unis;4
305;Carson;CA;California;US;United States;États-Unis;4
306;Cerritos;CA;California;US;United States;États-Unis;4
307;Chula Vista;CA;California;US;United States;États-Unis;4
308;Citrus Heights;CA;California;US;United States;États-Unis;4
309;City Of Commerce;CA;California;US;United States;États-Unis;4
310;Colma;CA;California;US;United States;États-Unis;4
311;Concord;CA;California;US;United States;États-Unis;4
312;Coronado;CA;California;US;United States;États-Unis;4
313;Culver City;CA;California;US;United States;États-Unis;4
314;Daly City;CA;California;US;United States;États-Unis;4
315;Downey;CA;California;US;United States;États-Unis;4
316;El Cajon;CA;California;US;United States;États-Unis;4
317;El Segundo;CA;California;US;United States;États-Unis;4
318;Elk Grove;CA;California;US;United States;États-Unis;4
319;Escondido;CA;California;US;United States;États-Unis;4
320;Eureka;CA;California;US;United States;États-Unis;4
321;Fontana;CA;California;US;United States;États-Unis;4
322;Fremont;CA;California;US;United States;États-Unis;4
323;Fullerton;CA;California;US;United States;États-Unis;4
324;Gilroy;CA;California;US;United States;États-Unis;4
325;Glendale;CA;California;US;United States;États-Unis;4
326;Grossmont;CA;California;US;United States;États-Unis;4
327;Hanford;CA;California;US;United States;États-Unis;4
328;Hayward;CA;California;US;United States;États-Unis;4
329;Imperial Beach;CA;California;US;United States;États-Unis;4
330;Irvine;CA;California;US;United States;États-Unis;4
331;La Jolla;CA;California;US;United States;États-Unis;4
332;La Mesa;CA;California;US;United States;États-Unis;4
333;Lake Elsinore;CA;California;US;United States;États-Unis;4
334;Lakewood;CA;California;US;United States;États-Unis;4
335;Lemon Grove;CA;California;US;United States;États-Unis;4
336;Lincoln Acres;CA;California;US;United States;États-Unis;4
337;Long Beach;CA;California;US;United States;États-Unis;4
338;Los Angeles;CA;California;US;United States;États-Unis;4
339;Mill Valley;CA;California;US;United States;États-Unis;4
340;Milpitas;CA;California;US;United States;États-Unis;4
341;Modesto;CA;California;US;United States;États-Unis;4
342;Monrovia;CA;California;US;United States;États-Unis;4
343;National City;CA;California;US;United States;États-Unis;4
344;Newark;CA;California;US;United States;États-Unis;4
345;Newport Beach;CA;California;US;United States;États-Unis;4
346;Norwalk;CA;California;US;United States;États-Unis;4
347;Novato;CA;California;US;United States;États-Unis;4
348;Oakland;CA;California;US;United States;États-Unis;4
349;Ontario;CA;California;US;United States;États-Unis;4
350;Orange;CA;California;US;United States;États-Unis;4
351;Oxnard;CA;California;US;United States;États-Unis;4
352;Palo Alto;CA;California;US;United States;États-Unis;4
353;Pleasanton;CA;California;US;United States;États-Unis;4
354;Redlands;CA;California;US;United States;États-Unis;4
355;Redwood City;CA;California;US;United States;États-Unis;4
356;Sacramento;CA;California;US;United States;États-Unis;4
357;San Bruno;CA;California;US;United States;États-Unis;4
358;San Carlos;CA;California;US;United States;États-Unis;4
359;San Diego;CA;California;US;United States;États-Unis;4
360;San Francisco;CA;California;US;United States;États-Unis;4
361;San Gabriel;CA;California;US;United States;États-Unis;4
362;San Jose;CA;California;US;United States;États-Unis;4
363;San Mateo;CA;California;US;United States;États-Unis;4
364;San Ramon;CA;California;US;United States;États-Unis;4
365;San Ysidro;CA;California;US;United States;États-Unis;4
366;Sand City;CA;California;US;United States;États-Unis;4
367;Santa Ana;CA;California;US;United States;États-Unis;4
368;Santa Cruz;CA;California;US;United States;États-Unis;4
369;Santa Monica;CA;California;US;United States;États-Unis;4
370;Sherman Oaks;CA;California;US;United States;États-Unis;4
371;Simi Valley;CA;California;US;United States;États-Unis;4
372;Spring Valley;CA;California;US;United States;États-Unis;4
373;Stockton;CA;California;US;United States;États-Unis;4
374;Torrance;CA;California;US;United States;États-Unis;4
375;Trabuco Canyon;CA;California;US;United States;États-Unis;4
376;Union City;CA;California;US;United States;États-Unis;4
377;Upland;CA;California;US;United States;États-Unis;4
378;Vacaville;CA;California;US;United States;États-Unis;4
379;Van Nuys;CA;California;US;United States;États-Unis;4
380;Visalia;CA;California;US;United States;États-Unis;4
381;Vista;CA;California;US;United States;États-Unis;4
382;Walnut Creek;CA;California;US;United States;États-Unis;4
383;West Covina;CA;California;US;United States;États-Unis;4
384;Whittier;CA;California;US;United States;États-Unis;4
385;Woodland Hills;CA;California;US;United States;États-Unis;4
386;Denver;CO;Colorado;US;United States;États-Unis;3
387;Englewood;CO;Colorado;US;United States;États-Unis;3
388;Greeley;CO;Colorado;US;United States;États-Unis;3
389;Longmont;CO;Colorado;US;United States;États-Unis;3
390;Loveland;CO;Colorado;US;United States;États-Unis;3
391;Parker;CO;Colorado;US;United States;États-Unis;3
392;Westminster;CO;Colorado;US;United States;États-Unis;3
393;East Haven;CT;Connecticut;US;United States;États-Unis;2
394;Farmington;CT;Connecticut;US;United States;États-Unis;2
395;Hamden;CT;Connecticut;US;United States;États-Unis;2
396;Milford;CT;Connecticut;US;United States;États-Unis;2
397;New Haven;CT;Connecticut;US;United States;États-Unis;2
398;Stamford;CT;Connecticut;US;United States;États-Unis;2
399;Waterbury;CT;Connecticut;US;United States;États-Unis;2
400;Westport;CT;Connecticut;US;United States;États-Unis;2
401;Altamonte Springs;FL;Florida;US;United States;États-Unis;5
402;Bradenton;FL;Florida;US;United States;États-Unis;5
403;Clearwater;FL;Florida;US;United States;États-Unis;5
404;Destin;FL;Florida;US;United States;États-Unis;5
405;Hollywood;FL;Florida;US;United States;États-Unis;5
406;Kendall;FL;Florida;US;United States;États-Unis;5
407;Lakeland;FL;Florida;US;United States;États-Unis;5
408;Merritt Island;FL;Florida;US;United States;États-Unis;5
409;Miami;FL;Florida;US;United States;États-Unis;5
410;North Miami Beach;FL;Florida;US;United States;États-Unis;5
411;Orlando;FL;Florida;US;United States;États-Unis;5
412;Sarasota;FL;Florida;US;United States;États-Unis;5
413;Sunrise;FL;Florida;US;United States;États-Unis;5
414;Tampa;FL;Florida;US;United States;États-Unis;5
415;Vero Beach;FL;Florida;US;United States;États-Unis;5
416;Atlanta;GA;Georgia;US;United States;États-Unis;5
417;Augusta;GA;Georgia;US;United States;États-Unis;5
418;Austell;GA;Georgia;US;United States;États-Unis;5
419;Byron;GA;Georgia;US;United States;États-Unis;5
420;Clarkston;GA;Georgia;US;United States;États-Unis;5
421;Columbus;GA;Georgia;US;United States;États-Unis;5
422;Decatur;GA;Georgia;US;United States;États-Unis;5
423;La Grange;GA;Georgia;US;United States;États-Unis;5
424;Marietta;GA;Georgia;US;United States;États-Unis;5
425;Mcdonough;GA;Georgia;US;United States;États-Unis;5
426;Savannah;GA;Georgia;US;United States;États-Unis;5
427;Suwanee;GA;Georgia;US;United States;États-Unis;5
428;Idaho Falls;ID;Idaho;US;United States;États-Unis;1
429;Lewiston;ID;Idaho;US;United States;États-Unis;1
430;Sandpoint;ID;Idaho;US;United States;États-Unis;1
431;Carol Stream;IL;Illinois;US;United States;États-Unis;3
432;Chicago;IL;Illinois;US;United States;États-Unis;3
433;Elgin;IL;Illinois;US;United States;États-Unis;3
434;Joliet;IL;Illinois;US;United States;États-Unis;3
435;Moline;IL;Illinois;US;United States;États-Unis;3
436;Norridge;IL;Illinois;US;United States;États-Unis;3
437;Peoria;IL;Illinois;US;United States;États-Unis;3
438;Tuscola;IL;Illinois;US;United States;États-Unis;3
439;West Chicago;IL;Illinois;US;United States;États-Unis;3
440;Wood Dale;IL;Illinois;US;United States;États-Unis;3
441;Daleville;IN;Indiana;US;United States;États-Unis;2
442;Fort Wayne;IN;Indiana;US;United States;États-Unis;2
443;Indianapolis;IN;Indiana;US;United States;États-Unis;2
444;Logansport;IN;Indiana;US;United States;États-Unis;2
445;Michigan City;IN;Indiana;US;United States;États-Unis;2
446;New Castle;IN;Indiana;US;United States;États-Unis;2
447;South Bend;IN;Indiana;US;United States;États-Unis;2
448;Campbellsville;KY;Kentucky;US;United States;États-Unis;5
449;Florence;KY;Kentucky;US;United States;États-Unis;5
450;Newport;KY;Kentucky;US;United States;États-Unis;5
451;Saint Matthews;KY;Kentucky;US;United States;États-Unis;5
452;Somerset;KY;Kentucky;US;United States;États-Unis;5
453;Braintree;MA;Massachusetts;US;United States;États-Unis;2
454;Norwood;MA;Massachusetts;US;United States;États-Unis;2
455;Randolph;MA;Massachusetts;US;United States;États-Unis;2
456;Saugus;MA;Massachusetts;US;United States;États-Unis;2
457;Wrentham;MA;Massachusetts;US;United States;États-Unis;2
458;Baltimore;MD;Maryland;US;United States;États-Unis;2
459;Kittery;ME;Maine;US;United States;États-Unis;2
460;Detroit;MI;Michigan;US;United States;États-Unis;3
461;Holland;MI;Michigan;US;United States;États-Unis;3
462;Howell;MI;Michigan;US;United States;États-Unis;3
463;Madison Heights;MI;Michigan;US;United States;États-Unis;3
464;Midland;MI;Michigan;US;United States;États-Unis;3
465;Monroe;MI;Michigan;US;United States;États-Unis;3
466;Novi;MI;Michigan;US;United States;États-Unis;3
467;Pontiac;MI;Michigan;US;United States;États-Unis;3
468;Port Huron;MI;Michigan;US;United States;États-Unis;3
469;Redford;MI;Michigan;US;United States;États-Unis;3
470;Saginaw;MI;Michigan;US;United States;États-Unis;3
471;Southfield;MI;Michigan;US;United States;États-Unis;3
472;Southgate;MI;Michigan;US;United States;États-Unis;3
473;Westland;MI;Michigan;US;United States;États-Unis;3
474;Zeeland;MI;Michigan;US;United States;États-Unis;3
475;Branch;MN;Minnesota;US;United States;États-Unis;3
476;Duluth;MN;Minnesota;US;United States;États-Unis;3
477;Edina;MN;Minnesota;US;United States;États-Unis;3
478;Medford;MN;Minnesota;US;United States;États-Unis;3
479;Minneapolis;MN;Minnesota;US;United States;États-Unis;3
480;Woodbury;MN;Minnesota;US;United States;États-Unis;3
481;Branson;MO;Missouri;US;United States;États-Unis;3
482;Ferguson;MO;Missouri;US;United States;États-Unis;3
483;Jefferson City;MO;Missouri;US;United States;États-Unis;3
484;Kansas City;MO;Missouri;US;United States;États-Unis;3
485;Odessa;MO;Missouri;US;United States;États-Unis;3
486;Saint Ann;MO;Missouri;US;United States;États-Unis;3
487;Saint Louis;MO;Missouri;US;United States;États-Unis;3
488;Biloxi;MS;Mississippi;US;United States;États-Unis;5
489;Gulfport;MS;Mississippi;US;United States;États-Unis;5
490;Tupelo;MS;Mississippi;US;United States;États-Unis;5
491;Billings;MT;Montana;US;United States;États-Unis;1
492;Great Falls;MT;Montana;US;United States;États-Unis;1
493;Missoula;MT;Montana;US;United States;États-Unis;1
494;Charlotte;NC;North Carolina;US;United States;États-Unis;5
495;Greensboro;NC;North Carolina;US;United States;États-Unis;5
496;Kannapolis;NC;North Carolina;US;United States;États-Unis;5
497;Raleigh;NC;North Carolina;US;United States;États-Unis;5
498;Rocky Mount;NC;North Carolina;US;United States;États-Unis;5
499;Smithfield;NC;North Carolina;US;United States;États-Unis;5
500;Winston-Salem;NC;North Carolina;US;United States;États-Unis;5
501;Hooksett;NH;New Hampshire;US;United States;États-Unis;2
502;Nashua;NH;New Hampshire;US;United States;États-Unis;2
503;Plaistow;NH;New Hampshire;US;United States;États-Unis;2
504;Tilton;NH;New Hampshire;US;United States;États-Unis;2
505;Las Cruces;NM;New Mexico;US;United States;États-Unis;4
506;Rio Rancho;NM;New Mexico;US;United States;États-Unis;4
507;Santa Fe;NM;New Mexico;US;United States;États-Unis;4
508;Fernley;NV;Nevada;US;United States;États-Unis;1
509;Las Vegas;NV;Nevada;US;United States;États-Unis;1
510;North Las Vegas;NV;Nevada;US;United States;États-Unis;1
511;Reno;NV;Nevada;US;United States;États-Unis;1
512;Sparks;NV;Nevada;US;United States;États-Unis;1
513;Central Valley;NY;New York;US;United States;États-Unis;2
514;Cheektowaga;NY;New York;US;United States;États-Unis;2
515;Clay;NY;New York;US;United States;États-Unis;2
516;De Witt;NY;New York;US;United States;États-Unis;2
517;Endicott;NY;New York;US;United States;États-Unis;2
518;Ithaca;NY;New York;US;United States;États-Unis;2
519;Lake George;NY;New York;US;United States;États-Unis;2
520;Melville;NY;New York;US;United States;États-Unis;2
521;New Hartford;NY;New York;US;United States;États-Unis;2
522;New York;NY;New York;US;United States;États-Unis;2
523;Valley Stream;NY;New York;US;United States;États-Unis;2
524;Burbank;OH;Ohio;US;United States;États-Unis;2
525;Cincinnati;OH;Ohio;US;United States;États-Unis;2
526;Columbus;OH;Ohio;US;United States;États-Unis;2
527;Euclid;OH;Ohio;US;United States;États-Unis;2
528;Heath;OH;Ohio;US;United States;États-Unis;2
529;Holland;OH;Ohio;US;United States;États-Unis;2
530;Mansfield;OH;Ohio;US;United States;États-Unis;2
531;Mentor;OH;Ohio;US;United States;États-Unis;2
532;North Randall;OH;Ohio;US;United States;États-Unis;2
533;Oberlin;OH;Ohio;US;United States;États-Unis;2
534;Springdale;OH;Ohio;US;United States;États-Unis;2
535;Albany;OR;Oregon;US;United States;États-Unis;1
536;Beaverton;OR;Oregon;US;United States;États-Unis;1
537;Clackamas;OR;Oregon;US;United States;États-Unis;1
538;Clackamas;OR;Oregon;US;United States;États-Unis;1
539;Corvallis;OR;Oregon;US;United States;États-Unis;1
540;Hillsboro;OR;Oregon;US;United States;États-Unis;1
541;Klamath Falls;OR;Oregon;US;United States;États-Unis;1
542;Lake Oswego;OR;Oregon;US;United States;États-Unis;1
543;Lebanon;OR;Oregon;US;United States;États-Unis;1
544;Medford;OR;Oregon;US;United States;États-Unis;1
545;Milwaukie;OR;Oregon;US;United States;États-Unis;1
546;Oregon City;OR;Oregon;US;United States;États-Unis;1
547;Portland;OR;Oregon;US;United States;États-Unis;1
548;Salem;OR;Oregon;US;United States;États-Unis;1
549;Springfield;OR;Oregon;US;United States;États-Unis;1
550;Tigard;OR;Oregon;US;United States;États-Unis;1
551;Troutdale;OR;Oregon;US;United States;États-Unis;1
552;W. Linn;OR;Oregon;US;United States;États-Unis;1
553;Woodburn;OR;Oregon;US;United States;États-Unis;1
554;Warwick;RI;Rhode Island;US;United States;États-Unis;2
555;West Kingston;RI;Rhode Island;US;United States;États-Unis;2
556;Woonsocket;RI;Rhode Island;US;United States;États-Unis;2
557;Bluffton;SC;South Carolina;US;United States;États-Unis;5
558;Gaffney;SC;South Carolina;US;United States;États-Unis;5
559;Myrtle Beach;SC;South Carolina;US;United States;États-Unis;5
560;Denby;SD;South Dakota;US;United States;États-Unis;3
561;North Sioux City;SD;South Dakota;US;United States;États-Unis;3
562;Crossville;TN;Tennessee;US;United States;États-Unis;5
563;Hixson;TN;Tennessee;US;United States;États-Unis;5
564;Kingsport;TN;Tennessee;US;United States;États-Unis;5
565;La Vergne;TN;Tennessee;US;United States;États-Unis;5
566;Maryville;TN;Tennessee;US;United States;États-Unis;5
567;Memphis;TN;Tennessee;US;United States;États-Unis;5
568;Millington;TN;Tennessee;US;United States;États-Unis;5
569;Nashville;TN;Tennessee;US;United States;États-Unis;5
570;Pigeon Forge;TN;Tennessee;US;United States;États-Unis;5
571;Arlington;TX;Texas;US;United States;États-Unis;4
572;Austin;TX;Texas;US;United States;États-Unis;4
573;Baytown;TX;Texas;US;United States;États-Unis;4
574;Carrollton;TX;Texas;US;United States;États-Unis;4
575;Cedar Park;TX;Texas;US;United States;États-Unis;4
576;College Station;TX;Texas;US;United States;États-Unis;4
577;Corpus Christi;TX;Texas;US;United States;États-Unis;4
578;Dallas;TX;Texas;US;United States;États-Unis;4
579;Fort Worth;TX;Texas;US;United States;États-Unis;4
580;Garland;TX;Texas;US;United States;États-Unis;4
581;Hillsboro;TX;Texas;US;United States;États-Unis;4
582;Houston;TX;Texas;US;United States;États-Unis;4
583;Humble;TX;Texas;US;United States;États-Unis;4
584;Irving;TX;Texas;US;United States;États-Unis;4
585;Killeen;TX;Texas;US;United States;États-Unis;4
586;La Marque;TX;Texas;US;United States;États-Unis;4
587;Laredo;TX;Texas;US;United States;États-Unis;4
588;Mesquite;TX;Texas;US;United States;États-Unis;4
589;Plano;TX;Texas;US;United States;États-Unis;4
590;Round Rock;TX;Texas;US;United States;États-Unis;4
591;San Antonio;TX;Texas;US;United States;États-Unis;4
592;Stafford;TX;Texas;US;United States;États-Unis;4
593;Sugar Land;TX;Texas;US;United States;États-Unis;4
594;Bountiful;UT;Utah;US;United States;États-Unis;1
595;Cedar City;UT;Utah;US;United States;États-Unis;1
596;Ogden;UT;Utah;US;United States;États-Unis;1
597;Park City;UT;Utah;US;United States;États-Unis;1
598;Riverton;UT;Utah;US;United States;États-Unis;1
599;Salt Lake City;UT;Utah;US;United States;États-Unis;1
600;Sandy;UT;Utah;US;United States;États-Unis;1
601;Tooele;UT;Utah;US;United States;États-Unis;1
602;Chantilly;VA;Virginia;US;United States;États-Unis;5
603;Falls Church;VA;Virginia;US;United States;États-Unis;5
604;Leesburg;VA;Virginia;US;United States;États-Unis;5
605;Newport News;VA;Virginia;US;United States;États-Unis;5
606;Virginia Beach;VA;Virginia;US;United States;États-Unis;5
607;Ballard;WA;Washington;US;United States;États-Unis;1
608;Bellevue;WA;Washington;US;United States;États-Unis;1
609;Bellingham;WA;Washington;US;United States;États-Unis;1
610;Bothell;WA;Washington;US;United States;États-Unis;1
611;Bremerton;WA;Washington;US;United States;États-Unis;1
612;Burien;WA;Washington;US;United States;États-Unis;1
613;Chehalis;WA;Washington;US;United States;États-Unis;1
614;Edmonds;WA;Washington;US;United States;États-Unis;1
615;Ellensburg;WA;Washington;US;United States;États-Unis;1
616;Everett;WA;Washington;US;United States;États-Unis;1
617;Federal Way;WA;Washington;US;United States;États-Unis;1
618;Issaquah;WA;Washington;US;United States;États-Unis;1
619;Kelso;WA;Washington;US;United States;États-Unis;1
620;Kenmore;WA;Washington;US;United States;États-Unis;1
621;Kennewick;WA;Washington;US;United States;États-Unis;1
622;Kent;WA;Washington;US;United States;États-Unis;1
623;Kirkland;WA;Washington;US;United States;États-Unis;1
624;Lacey;WA;Washington;US;United States;États-Unis;1
625;Longview;WA;Washington;US;United States;États-Unis;1
626;Lynnwood;WA;Washington;US;United States;États-Unis;1
627;Marysville;WA;Washington;US;United States;États-Unis;1
628;Monroe;WA;Washington;US;United States;États-Unis;1
629;Newport Hills;WA;Washington;US;United States;États-Unis;1
630;North Bend;WA;Washington;US;United States;États-Unis;1
631;Olympia;WA;Washington;US;United States;États-Unis;1
632;Port Orchard;WA;Washington;US;United States;États-Unis;1
633;Puyallup;WA;Washington;US;United States;États-Unis;1
634;Redmond;WA;Washington;US;United States;États-Unis;1
635;Renton;WA;Washington;US;United States;États-Unis;1
636;Sammamish;WA;Washington;US;United States;États-Unis;1
637;Seattle;WA;Washington;US;United States;États-Unis;1
638;Sedro Woolley;WA;Washington;US;United States;États-Unis;1
639;Sequim;WA;Washington;US;United States;États-Unis;1
640;Shelton;WA;Washington;US;United States;États-Unis;1
641;Spokane;WA;Washington;US;United States;États-Unis;1
642;Tacoma;WA;Washington;US;United States;États-Unis;1
643;Union Gap;WA;Washington;US;United States;États-Unis;1
644;Walla Walla;WA;Washington;US;United States;États-Unis;1
645;Washougal;WA;Washington;US;United States;États-Unis;1
646;Wenatchee;WA;Washington;US;United States;États-Unis;1
647;Woodinville;WA;Washington;US;United States;États-Unis;1
648;Yakima;WA;Washington;US;United States;États-Unis;1
649;Johnson Creek;WI;Wisconsin;US;United States;États-Unis;3
650;Milwaukee;WI;Wisconsin;US;United States;États-Unis;3
651;Mosinee;WI;Wisconsin;US;United States;États-Unis;3
652;Racine;WI;Wisconsin;US;United States;États-Unis;3
653;Casper;WY;Wyoming;US;United States;États-Unis;1
654;Cheyenne;WY;Wyoming;US;United States;États-Unis;1
655;Rock Springs;WY;Wyoming;US;United States;États-Unis;1
